[1]			[2]			[3]			
hydrogen	helium	mercury	titanium	chromium	chlorine	alpha	psi	theta	
hydrogen.swf	helium.swf	mercury.swf	titanium.swf	chromium.swf	chlorine.swf	alpha.swf	psi.swf	theta.swf	
lithium	beryllium	sodium	manganese	iron	magnesium	beta	mu	nu	
lithium.swf	beryllium.swf	sodium.swf	manganese.swf	iron.swf	magnesium.swf	beta.swf	mu.swf	nu.swf	
boron	carbon	sulfur	cobalt	nickel	potassium	gamma	delta	epsilon	
boron.swf	carbon.swf	sulfur.swf	cobalt.swf	nickel.swf	potassium.swf	gamma.swf	delta.swf	epsilon.swf	
nitrogen	oxygen	hydrogen	copper	zinc	boron	zeta	theta	lambda	
nitrogen.swf	oxygen.swf	hydrogen.swf	copper.swf	zinc.swf	boron.swf	zeta.swf	theta.swf	lambda.swf	
fluorine	neon	chlorine	germanium	arsenic	helium	kappa	lambda	chi	
fluorine.swf	neon.swf	chlorine.swf	germanium.swf	arsenic.swf	helium.swf	kappa.swf	lambda.swf	chi.swf	
sodium	magnesium	manganese	bromine	silver	beryllium	pi	rho	sigma	
sodium.swf	magnesium.swf	manganese.swf	bromine.swf	silver.swf	beryllium.swf	pi.swf	rho.swf	sigma.swf	
aluminum	silicon	tin	tin	iodine	lithium	tau	omega	eta	
aluminum.swf	silicon.swf	tin.swf	tin.swf	iodine.swf	lithium.swf	tau.swf	omega.swf	eta.swf	
phosphorus	sulfur	arsenic	barium	platinum	phosphorus	nu	tau	phi	
phosphorus.swf	sulfur.swf	arsenic.swf	barium.swf	platinum.swf	phosphorus.swf	nu.swf	tau.swf	phi.swf	
chlorine	argon	silver	gold	mercury	sulfur	sigma	chi	mu	
chlorine.swf	argon.swf	silver.swf	gold.swf	mercury.swf	sulfur.swf	sigma.swf	chi.swf	mu.swf	
potassium	calcium	copper	lead	uranium	sodium	psi	gamma	eta	
potassium.swf	calcium.swf	copper.swf	lead.swf	uranium.swf	sodium.swf	psi.swf	gamma.swf	eta.swf	

[4]			[5]			[6]			
methane	water	sodium chloride	solid line	dotted line	broken line	nail	screw	bolt	
methane.swf	water.swf	sodium_chloride.swf	solid_line.swf	dotted_line.swf	broken_line.swf	nail.swf	screw.swf	bolt.swf	
carbon dioxide	carbon monoxide	nitrogen dioxide	four megabytes	four gigabytes	four terabytes	square	rectangle	triangle	
carbon_dioxide.swf	carbon_monoxide.swf	nitrogen_dioxide.swf	four_megabytes.swf	four_gigabytes.swf	four_terabytes.swf	square.swf	rectangle.swf	triangle.swf	
one-half	one-third	one-fourth	one ton	zero point one ton	ten tons	cube	rectangular parallelepiped	sphere	
one-half.swf	one-third.swf	one-fourth.swf	one_ton.swf	zero_point_one_ton.swf	ten_tons.swf	cube.swf	rectangular_parallelepiped.swf	sphere.swf	
two and one-third	two-thirds	two-thirtieths	candela	kelvin	ampere	refrigerator	vacuum cleaner	television	
two_and_one-third.swf	two-thirds.swf	two-thirtieths.swf	candela.swf	kelvin.swf	ampere.swf	refrigerator.swf	vacuum_cleaner.swf	television.swf	
one over a	a over b	b over a	one angstrom	ten angstroms	a hundred angstroms	vernier calipers	ruler	tape measure	
one_over_a.swf	a_over_b.swf	b_over_a.swf	one_angstrom.swf	ten_angstroms.swf	a_hundred_angstroms.swf	vernier_calipers.swf	ruler.swf	tape_measure.swf	
x squared	x cubed	x to the fourth power	ten milliliters	one deciliter	one liter	battery	bulb	valve	
x_squared.swf	x_cubed.swf	x_to_the_fourth_power.swf	ten_milliliters.swf	one_deciliter.swf	one_liter.swf	battery.swf	bulb.swf	valve.swf	
the square root of x	the cube root of x		toxic	explosive	radioactive	vacuum tube	transistor	diode	
the_square_root_of_x.swf	the_cube_root_of_x.swf		toxic.swf	explosive.swf	radioactive.swf	vacuum_tube.swf	transistor.swf	diode.swf	
two nanometers	two micrometers	two millimeters	flammable	oxidizing	corrosive	Phillips screwdriver	flat head screwdriver	hex wrench	
two_nanometers.swf	two_micrometers.swf	two_millimeters.swf	flammable.swf	oxidizing.swf	corrosive.swf	Phillips_screwdriver.swf	flat_head_screwdriver.swf	hex_wrench.swf	
three cubic centimeters	three square centimeters		no smoking	no entry	no parking	pliers	cutting pliers	cutting nippers	
three_cubic_centimeters.swf	three_square_centimeters.swf		no_smoking.swf	no_entry.swf	no_parking.swf	pliers.swf	cutting_pliers.swf	cutting_nippers.swf	
two nanoseconds	two microseconds	two picoseconds	one hectare	ten hectares	one hundred hectares	microscope	telescope	binoculars	
two_nanoseconds.swf	two_microseconds.swf	two_picoseconds.swf	one_hectare.swf	ten_hectares.swf	one_hundred_hectares.swf	microscope.swf	telescope.swf	binoculars.swf	

[7]			[8]			[9]			
drill	file	wrench	circle	semicircle	ellipse	escalator	elevator	Everest	
drill.swf	file.swf	wrench.swf	circle.swf	semicircle.swf	ellipse.swf	escalator.swf	elevator.swf	Everest.swf	
lathe	vise	jack	ladder	radar	laser	right triangle	isosceles triangle	equilateral triangle	
lathe.swf	vise.swf	jack.swf	ladder.swf	radar.swf	laser.swf	right_triangle.swf	isosceles_triangle.swf	equilateral_triangle.swf	
steering wheel	wheel	wheelchair	bearing	vise	helical gear	test tube	beaker	flask	
steering_wheel.swf	wheel.swf	wheelchair.swf	bearing.swf	vise.swf	helical_gear.swf	test_tube.swf	beaker.swf	flask.swf	
microscope	telescope	binoculars	ammeter	voltmeter	tachometer	binary	decimal	hexadecimal	
microscope.swf	telescope.swf	binoculars.swf	ammeter.swf	voltmeter.swf	tachometer.swf	binary.swf	decimal.swf	hexadecimal.swf	
bolt	nut	washer	octagon	pentagon	hexagon	trapezoid	parallelogram	rhombus	
bolt.swf	nut.swf	washer.swf	octagon.swf	pentagon.swf	hexagon.swf	trapezoid.swf	parallelogram.swf	rhombus.swf	
lens	mirror	prism	quadrangle	heptagon	enneagon	clockwise	counterclockwise	right-handed screw	
lens.swf	mirror.swf	prism.swf	quadrangle.swf	heptagon.swf	enneagon.swf	clockwise.swf	counterclockwise.swf	right-handed_screw.swf	
rocket	robot	racket	automobile	motorcycle	bicycle	convex lens	concave lens		
rocket.swf	robot.swf	racket.swf	automobile.swf	motorcycle.swf	bicycle.swf	convex_lens.swf	concave_lens.swf		
floppy disk	compact disk	magneto-optical disk	triangular pyramid	triangular prism	quadrangular pyramid	denominator	numerator	mixed fraction	
floppy_disk.swf	compact_disk.swf	magneto-optical_disk.swf	triangular_pyramid.swf	triangular_prism.swf	quadrangular_pyramid.swf	denominator.swf	numerator.swf	mixed_fraction.swf	
cylinder	cone	helix	decimals	integer	fraction	thermometer	speedometer	hydrometer	
cylinder.swf	cone.swf	helix.swf	decimals.swf	integer.swf	fraction.swf	thermometer.swf	speedometer.swf	hydrometer.swf	
ammeter	voltmeter	tachometer	right triangle	isosceles triangle	equilateral triangle	Phillips screwdriver	flat head screwdriver	hex wrench	
ammeter.swf	voltmeter.swf	tachometer.swf	right_triangle.swf	isosceles_triangle.swf	equilateral_triangle.swf	Phillips_screwdriver.swf	flat_head_screwdriver.swf	hex_wrench.swf	

